{
  "Amsterdam, Netherlands": "荷兰阿姆斯特丹",
  "Amman, Jordan": "约旦安曼",
  "Adelaide, Australia": "澳大利亚阿德莱德",
  "Americana, Brazil": "巴西阿美利卡纳",
  "Accra, Ghana": "加纳阿克拉",
  "Ahmedabad, India": "印度艾哈迈达巴德",
  "Ashburn, United States": "美国阿什本",
  "Auckland, New Zealand": "新西兰奥克兰",
  "Athens, Greece": "希腊雅典",
  "Arica, Chile": "智利阿里卡",
  "Algiers, Algeria": "阿尔及利亚阿尔及尔",
  "Almaty, Kazakhstan": "哈萨克斯坦阿拉木图",
  "Astara, Azerbaijan": "阿塞拜疆阿斯塔拉",
  "Atlanta, United States": "美国亚特兰大",
  "Brisbane, Australia": "澳大利亚布里斯班",
  "Barcelona, Spain": "西班牙巴塞罗那",
  "Baghdad, Iraq": "伊拉克巴格达",
  "Asunción, Paraguay": "巴拉圭亚松森",
  "Annaba, Algeria": "阿尔及利亚安纳巴",
  "Belgrade, Serbia": "塞尔维亚贝尔格莱德",
  "Baku, Azerbaijan": "阿塞拜疆巴库",
  "Bangalore, India": "印度班加罗尔",
  "Antananarivo, Madagascar": "马达加斯加塔那那利佛",
  "Canberra, Australia": "澳大利亚堪培拉",
  "Belém, Brazil": "巴西贝伦",
  "Berlin, Germany": "德国柏林",
  "Bangkok, Thailand": "泰国曼谷",
  "Boston, United States": "美国波士顿",
  "Cape Town, South Africa": "南非开普敦",
  "Belo Horizonte, Brazil": "巴西贝洛奥里藏特",
  "Basra, Iraq": "伊拉克巴士拉",
  "Christchurch, New Zealand": "新西兰基督城",
  "Beirut, Lebanon": "黎巴嫩贝鲁特",
  "Casablanca, Morocco": "摩洛哥卡萨布兰卡",
  "Buffalo, United States": "美国布法罗",
  "Bandar Seri Begawan, Brunei": "文莱斯里巴加湾市",
  "Blumenau, Brazil": "巴西布卢梅瑙",
  "Hagatna, Guam": "关岛哈加特纳",
  "Bratislava, Slovakia": "斯洛伐克布拉迪斯拉发",
  "Brussels, Belgium": "比利时布鲁塞尔",
  "Calgary, Canada": "加拿大卡尔加里",
  "Bogota, Colombia": "哥伦比亚波哥大",
  "Dakar, Senegal": "塞内加尔达喀尔",
  "Dammam, Saudi Arabia": "沙特阿拉伯达曼",
  "Melbourne, Australia": "澳大利亚墨尔本",
  "Doha, Qatar": "卡塔尔多哈",
  "Bucharest, Romania": "罗马尼亚布加勒斯特",
  "Charlotte, United States": "美国夏洛特",
  "Dar es Salaam, Tanzania": "坦桑尼亚达累斯萨拉姆",
  "Brasilia, Brazil": "巴西巴西利亚",
  "Bhubaneswar, India": "印度布巴内斯瓦尔",
  "Chicago, United States": "美国芝加哥",
  "Buenos Aires, Argentina": "阿根廷布宜诺斯艾利斯",
  "Dubai, United Arab Emirates": "阿联酋迪拜",
  "Djibouti City": "吉布提市",
  "Budapest, Hungary": "匈牙利布达佩斯",
  "Cebu, Philippines": "菲律宾宿务",
  "Noumea, New Caledonia": "新喀里多尼亚努美阿",
  "Perth, Australia": "澳大利亚珀斯",
  "Durban, South Africa": "南非德班",
  "Chișinău, Moldova": "摩尔多瓦基希讷乌",
  "Columbus, United States": "美国哥伦布",
  "Cacador, Brazil": "巴西卡萨多尔",
  "Erbil, Iraq": "伊拉克埃尔比勒",
  "Chandigarh, India": "印度昌迪加尔",
  "Dallas, United States": "美国达拉斯",
  "Sydney, Australia": "澳大利亚悉尼",
  "Copenhagen, Denmark": "丹麦哥本哈根",
  "Campinas, Brazil": "巴西坎皮纳斯",
  "Changde, China": "中国常德",
  "Haifa, Israel": "以色列海法",
  "Gaborone, Botswana": "博茨瓦纳哈博罗内",
  "Chennai, India": "印度钦奈",
  "Denver, United States": "美国丹佛",
  "Cork, Ireland": "爱尔兰科克",
  "Harare, Zimbabwe": "津巴布韦哈拉雷",
  "Jeddah, Saudi Arabia": "沙特阿拉伯吉达",
  "Tahiti, French Polynesia": "法属波利尼西亚塔希提",
  "Johannesburg, South Africa": "南非约翰内斯堡",
  "Kuwait City, Kuwait": "科威特科威特城",
  "Dublin, Ireland": "爱尔兰都柏林",
  "Detroit, United States": "美国底特律",
  "Córdoba, Argentina": "阿根廷科尔多瓦",
  "Suva, Fiji": "斐济苏瓦",
  "Düsseldorf, Germany": "德国杜塞尔多夫",
  "Manama, Bahrain": "巴林麦纳麦",
  "Kigali, Rwanda": "卢旺达基加利",
  "Chittagong, Bangladesh": "孟加拉国吉大港",
  "Honolulu, United States": "美国檀香山",
  "Cuiaba, Brazil": "巴西库亚巴",
  "Hobart, Australia": "澳大利亚霍巴特",
  "Muscat, Oman": "阿曼马斯喀特",
  "Colombo, Sri Lanka": "斯里兰卡科伦坡",
  "Houston, United States": "美国休斯顿",
  "Edinburgh, United Kingdom": "英国爱丁堡",
  "Lagos, Nigeria": "尼日利亚拉各斯",
  "Curitiba, Brazil": "巴西库里提巴",
  "Frankfurt, Germany": "德国法兰克福",
  "Luanda, Angola": "安哥拉罗安达",
  "Indianapolis, United States": "美国印第安纳波利斯",
  "Dhaka, Bangladesh": "孟加拉国达卡",
  "Florianopolis, Brazil": "巴西弗洛里亚诺波利斯",
  "Najaf, Iraq": "伊拉克纳杰夫",
  "Jacksonville, United States": "美国杰克逊维尔",
  "Geneva, Switzerland": "瑞士日内瓦",
  "Fortaleza, Brazil": "巴西福塔莱萨",
  "Maputo, Mozambique": "莫桑比克马普托",
  "Foshan, China": "中国佛山",
  "Nasiriyah, Iraq": "伊拉克纳西里耶",
  "Mombasa, Kenya": "肯尼亚蒙巴萨",
  "Kansas City, United States": "美国堪萨斯城",
  "Ramallah": "拉马拉",
  "Gothenburg, Sweden": "瑞典哥德堡",
  "Georgetown, Guyana": "圭亚那乔治敦",
  "Fukuoka, Japan": "日本福冈",
  "Hamburg, Germany": "德国汉堡",
  "Las Vegas, United States": "美国拉斯维加斯",
  "Riyadh, Saudi Arabia": "沙特阿拉伯利雅得",
  "Nairobi, Kenya": "肯尼亚内罗毕",
  "Goiania, Brazil": "巴西戈亚尼亚",
  "Fuzhou, China": "中国福州",
  "Los Angeles, United States": "美国洛杉矶",
  "Guangzhou, China": "中国广州",
  "Helsinki, Finland": "芬兰赫尔辛基",
  "Guatemala City, Guatemala": "危地马拉危地马拉城",
  "Sulaymaniyah, Iraq": "伊拉克苏莱曼尼亚",
  "Oran, Algeria": "阿尔及利亚奥兰",
  "McAllen, United States": "美国麦卡伦",
  "Istanbul, Turkey": "土耳其伊斯坦布尔",
  "Tel Aviv, Israel": "以色列特拉维夫",
  "Guayaquil, Ecuador": "厄瓜多尔瓜亚基尔",
  "Chengmai, China": "中国澄迈",
  "Ouagadougou, Burkina Faso": "布基纳法索瓦加杜古",
  "Port Louis, Mauritius": "毛里求斯路易港",
  "Memphis, United States": "美国孟菲斯",
  "Hanoi, Vietnam": "越南河内",
  "Itajai, Brazil": "巴西伊塔雅伊",
  "Izmir, Turkey": "土耳其伊兹密尔",
  "Kyiv, Ukraine": "乌克兰基辅",
  "Mexico City, Mexico": "墨西哥墨西哥城",
  "Réunion, France": "法国留尼汪",
  "Hengshui, China": "中国衡水",
  "Joinville, Brazil": "巴西若因维利",
  "Miami, United States": "美国迈阿密",
  "Lisbon, Portugal": "葡萄牙里斯本",
  "Ho Chi Minh City, Vietnam": "越南胡志明市",
  "Tunis, Tunisia": "突尼斯突尼斯",
  "Juazeiro do Norte, Brazil": "巴西北茹阿泽鲁",
  "London, United Kingdom": "英国伦敦",
  "Hong Kong": "中国香港",
  "Lima, Peru": "秘鲁利马",
  "Minneapolis, United States": "美国明尼阿波利斯",
  "Kinshasa, DR Congo": "刚果民主共和国金沙萨",
  "Luxembourg City, Luxembourg": "卢森堡卢森堡市",
  "Montgomery, United States": "美国蒙哥马利",
  "Hyderabad, India": "印度海得拉巴",
  "Manaus, Brazil": "巴西马瑙斯",
  "Cairo, Egypt": "埃及开罗",
  "Madrid, Spain": "西班牙马德里",
  "Medellín, Colombia": "哥伦比亚麦德林",
  "Montréal, Canada": "加拿大蒙特利尔",
  "Islamabad, Pakistan": "巴基斯坦伊斯兰堡",
  "Windhoek, Namibia": "纳米比亚温得和克",
  "Manchester, United Kingdom": "英国曼彻斯特",
  "Jakarta, Indonesia": "印度尼西亚雅加达",
  "Neuquén, Argentina": "阿根廷内乌肯",
  "Nashville, United States": "美国纳什维尔",
  "Yamoussoukro, Ivory Coast": "科特迪瓦亚穆苏克罗",
  "Newark, United States": "美国纽瓦克",
  "Marseille, France": "法国马赛",
  "Panama City, Panama": "巴拿马巴拿马城",
  "Jashore, Bangladesh": "孟加拉国杰索尔",
  "Abidjan, Ivory Coast": "科特迪瓦阿比让",
  "Milan, Italy": "意大利米兰",
  "Jinan, China": "中国济南",
  "Norfolk, United States": "美国诺福克",
  "Paramaribo, Suriname": "苏里南帕拉马里博",
  "Omaha, United States": "美国奥马哈",
  "Porto Alegre, Brazil": "巴西阿雷格里港",
  "Minsk, Belarus": "白俄罗斯明斯克",
  "Moscow, Russia": "俄罗斯莫斯科",
  "Johor Bahru, Malaysia": "马来西亚新山",
  "Ottawa, Canada": "加拿大渥太华",
  "Quito, Ecuador": "厄瓜多尔基多",
  "Munich, Germany": "德国慕尼黑",
  "Philadelphia, United States": "美国费城",
  "Kanpur, India": "印度坎普尔",
  "Phoenix, United States": "美国菲尼克斯",
  "Nicosia, Cyprus": "塞浦路斯尼科西亚",
  "Kaohsiung City, Taiwan": "中国台湾高雄",
  "Recife, Brazil": "巴西累西腓",
  "Oslo, Norway": "挪威奥斯陆",
  "Pittsburgh, United States": "美国匹兹堡",
  "Karachi, Pakistan": "巴基斯坦卡拉奇",
  "Ribeirao Preto, Brazil": "巴西里贝朗普雷图",
  "Rio de Janeiro, Brazil": "巴西里约热内卢",
  "Portland, United States": "美国波特兰",
  "Kathmandu, Nepal": "尼泊尔加德满都",
  "Palermo, Italy": "意大利巴勒莫",
  "Paris, France": "法国巴黎",
  "Queretaro, Mexico": "墨西哥克雷塔罗",
  "Prague, Czech Republic": "捷克共和国布拉格",
  "Richmond, United States": "美国里士满",
  "Kolkata, India": "印度加尔各答",
  "San José, Costa Rica": "哥斯达黎加圣何塞",
  "Santiago, Chile": "智利圣地亚哥",
  "Reykjavík, Iceland": "冰岛雷克雅未克",
  "Sacramento, United States": "美国萨克拉门托",
  "Krasnoyarsk, Russia": "俄罗斯克拉斯诺亚尔斯克",
  "Kuala Lumpur, Malaysia": "马来西亚吉隆坡",
  "Salt Lake City, United States": "美国盐湖城",
  "Riga, Latvia": "拉脱维亚里加",
  "Santo Domingo, Dominican Republic": "多米尼加共和国圣多明各",
  "Rome, Italy": "意大利罗马",
  "San Diego, United States": "美国圣迭戈",
  "Lahore, Pakistan": "巴基斯坦拉合尔",
  "São José do Rio Preto, Brazil": "巴西圣若泽杜里奥普雷图",
  "San Jose, United States": "美国圣何塞",
  "Saint Petersburg, Russia": "俄罗斯圣彼得堡",
  "Langfang, China": "中国廊坊",
  "São José dos Campos, Brazil": "巴西圣若泽杜斯坎普斯",
  "São Paulo, Brazil": "巴西圣保罗",
  "Sofia, Bulgaria": "保加利亚索非亚",
  "Saskatoon, Canada": "加拿大萨斯卡通",
  "Lanzhou, China": "中国兰州",
  "Seattle, United States": "美国西雅图",
  "Stockholm, Sweden": "瑞典斯德哥尔摩",
  "Sorocaba, Brazil": "巴西索罗卡巴",
  "Macau": "中国澳门",
  "Sioux Falls, South Dakota": "南达科他州苏福尔斯",
  "Stuttgart, Germany": "德国斯图加特",
  "St. Louis, United States": "美国圣路易斯",
  "Tallinn, Estonia": "爱沙尼亚塔林",
  "Male, Maldives": "马尔代夫马累",
  "Tegucigalpa, Honduras": "洪都拉斯特古西加尔巴",
  "Tallahassee, United States": "美国塔拉哈西",
  "Tbilisi, Georgia": "格鲁吉亚第比利斯",
  "Mandalay, Myanmar": "缅甸曼德勒",
  "Timbó, Brazil": "巴西蒂姆博",
  "Manila, Philippines": "菲律宾马尼拉",
  "Thessaloniki, Greece": "希腊塞萨洛尼基",
  "Uberlandia, Brazil": "巴西乌贝兰迪亚",
  "Toronto, Canada": "加拿大多伦多",
  "Mumbai, India": "印度孟买",
  "Tirana, Albania": "阿尔巴尼亚地拉那",
  "Vitoria, Brazil": "巴西维多利亚",
  "Vancouver, Canada": "加拿大温哥华",
  "Nagpur, India": "印度那格浦尔",
  "Tver, Russian Federation": "俄罗斯联邦特维尔",
  "Vienna, Austria": "奥地利维也纳",
  "Winnipeg, Canada": "加拿大温尼伯",
  "Naha, Japan": "日本那霸",
  "Campos dos Goytacazes, Brazil": "巴西坎波斯多斯戈伊塔卡泽斯",
  "New Delhi, India": "印度新德里",
  "Vilnius, Lithuania": "立陶宛维尔纽斯",
  "San Francisco, United States": "美国旧金山",
  "Chapeco, Brazil": "巴西沙佩科",
  "Warsaw, Poland": "波兰华沙",
  "Osaka, Japan": "日本大阪",
  "Kingston, Jamaica": "牙买加金斯敦",
  "Bridgetown, Barbados": "巴巴多斯布里奇敦",
  "Yekaterinburg, Russia": "俄罗斯叶卡捷琳堡",
  "Patna, India": "印度巴特那",
  "Bangor, United States": "美国班戈",
  "St. George's, Grenada": "格林纳达圣乔治",
  "Zagreb, Croatia": "克罗地亚萨格勒布",
  "Phnom Penh, Cambodia": "柬埔寨金边",
  "Austin, United States": "美国奥斯汀",
  "Santiago de los Caballeros, Dominican Republic": "多米尼加共和国圣地亚哥德洛斯卡巴耶罗斯",
  "Zurich, Switzerland": "瑞士苏黎世",
  "Qingdao, China": "中国青岛",
  "Albuquerque, United States": "美国阿尔伯克基",
  "La Paz, Bolivia": "玻利维亚拉巴斯",
  "Seoul, South Korea": "韩国首尔",
  "Lyon, France": "法国里昂",
  "Guadalajara, Mexico": "墨西哥瓜达拉哈拉",
  "Shanghai, China": "中国上海",
  "Bordeaux, France": "法国波尔多",
  "San Antonio, United States": "美国圣安东尼奥",
  "San Juan, Puerto Rico": "波多黎各圣胡安",
  "Singapore": "新加坡",
  "Cleveland, United States": "美国克利夫兰",
  "Barranquilla, Colombia": "哥伦比亚巴兰基亚",
  "Skopje, North Macedonia": "北马其顿斯科普里",
  "Surat Thani, Thailand": "泰国素叻他尼",
  "Durham, United States": "美国达勒姆",
  "Palmas, Brazil": "巴西帕尔马斯",
  "Taipei": "中国台北",
  "Oklahoma City, United States": "美国俄克拉荷马城",
  "Aracatuba, Brazil": "巴西阿拉萨图巴",
  "Tashkent, Uzbekistan": "乌兹别克斯坦塔什干",
  "Tampa, United States": "美国坦帕",
  "Anchorage, United States": "美国安克雷奇",
  "Tianjin, China": "中国天津",
  "Halifax, Canada": "加拿大哈利法克斯",
  "Tokyo, Japan": "日本东京",
  "Ulaanbaatar, Mongolia": "蒙古乌兰巴托",
  "Vientiane, Laos": "老挝万象",
  "Nanchang, China": "中国南昌",
  "Yangon, Myanmar": "缅甸仰光",
  "Yerevan, Armenia": "亚美尼亚埃里温",
  "Yogyakarta, Indonesia": "印度尼西亚日惹",
  "Zhongshan, China": "中国中山",
  "Cagayan de Oro, Philippines": "菲律宾卡加延德奥罗",
  "Wuhu, China": "中国芜湖",
  "Taizhou, China": "中国台州",
  "Kochi, India": "印度科钦",
  "Denpasar, Indonesia": "印度尼西亚登巴萨",
  "Kannur, India": "印度坎努尔",
  "Shenzhen, China": "中国深圳",
  "Guiyang, China": "中国贵阳",
  "Shaoxing, China": "中国绍兴",
  "Changzhou, China": "中国常州",
  "Kunming, China": "中国昆明",
  "Chiang Mai, Thailand": "泰国清迈",
  "Zhengzhou, China": "中国郑州",
  "Yangquan, China": "中国阳泉",
  "Changsha, China": "中国长沙",
  "Dalian, China": "中国大连",
  "Beihai, China": "中国北海",
  "Chongqing, China": "中国重庆",
  "Huainan, China": "中国淮南",
  "Xiangyang, China": "中国襄阳",
  "Xining, China": "中国西宁",
  "Da Nang, Vietnam": "越南岘港",
  "Jiaxing, China": "中国嘉兴",
  "Tarlac City, Philippines": "菲律宾塔拉克市",
  "Thimphu, Bhutan": "不丹廷布",
  "Baoji, China": "中国宝鸡",
  "Kampala, Uganda": "乌干达坎帕拉",
  "Port of Spain, Trinidad and Tobago": "特立尼达和多巴哥西班牙港",
  "Chengdu, China": "中国成都",
  "Salvador, Brazil": "巴西萨尔瓦多",
  "Astana, Kazakhstan": "哈萨克斯坦阿斯塔纳",
  "Nanning, China": "中国南宁",
  "Zibo, China": "中国淄博",
  "Neuquen, Argentina": "阿根廷内乌肯",
  "Timbo, Brazil": "巴西廷博",
  "Cali, Colombia": "哥伦比亚卡利",
  "Kuching, Malaysia": "马来西亚古晋",
  "Aktobe, Kazakhstan": "哈萨克斯坦阿克托别",
  "Tongren, China": "中国铜仁",
  "Lusaka, Zambia": "赞比亚卢萨卡",
  "San Pedro Sula, Honduras": "洪都拉斯圣佩德罗苏拉",
  "Shijiazhuang, China": "中国石家庄",
  "Addis Ababa, Ethiopia": "埃塞俄比亚亚的斯亚贝巴",
  "Bishkek, Kyrgyzstan": "吉尔吉斯斯坦比什凯克",
  "Concepción, Chile": "智利康塞普西翁",
  "Constantine, Algeria": "阿尔及利亚康斯坦丁",
  "Lilongwe, Malawi": "马拉维利隆圭",
  "Sioux Falls, United States": "美国苏福尔斯",
  "Malang, Indonesia": "印度尼西亚玛琅",
  "Wroclaw, Poland": "波兰弗罗茨瓦夫",
  "LOCAL": "本地网络"
}
